Roof,1,1,219.5834,0,28.75,Yes
Roof,3,6,88.9167,0,28.75,No
Roof,4,8,0,0,28.75,Yes
Roof,5,25,14.4583,0,28.75,No
Roof,7,12,28.9167,0,28.75,Yes
Roof,8,27,43.9167,0,28.75,No
Roof,10,16,58.9167,0,28.75,Yes
Roof,11,29,73.9167,0,28.75,No
Roof,13,20,129.5834,0,28.75,Yes
Roof,14,31,144.5834,0,28.75,No
Roof,16,33,174.5834,0,28.75,No
Roof,17,35,204.5834,0,28.75,No
Roof,18,37,159.5834,0,28.75,Yes
Roof,19,39,189.5834,0,28.75,Yes
Roof,20,41,0,223.9167,28.75,Yes
Roof,21,43,28.9167,223.9167,28.75,No
Roof,22,45,58.9167,223.9167,28.75,No
Roof,23,47,88.9167,223.9167,28.75,No
Roof,24,49,112.4167,223.9167,28.75,Yes
Roof,25,51,43.9167,223.9167,28.75,No
Roof,26,53,73.9167,223.9167,28.75,No
Roof,27,55,14.4583,223.9167,28.75,No
Roof,28,57,219.5834,28.9167,28.75,Yes
Roof,29,59,219.5834,58.9167,28.75,Yes
Roof,31,63,219.5834,88.9167,28.75,Yes
Roof,32,65,219.5834,43.9167,28.75,No
Roof,33,67,219.5834,73.9167,28.75,No
Roof,34,69,219.5834,14.4583,28.75,No
Roof,35,71,219.5834,103.375,28.75,No
Roof,36,72,159.5834,117.8333,28.75,Yes
Roof,37,74,129.5834,117.8333,28.75,No
Roof,38,76,112.4167,117.8333,28.75,Yes
Roof,39,79,144.5834,117.8333,28.75,No
Roof,40,81,174.5834,117.8333,28.75,Yes
Roof,41,82,112.4167,150,28.75,No
Roof,42,84,112.4167,180,28.75,No
Roof,43,86,112.4167,210,28.75,No
Roof,44,89,112.4167,133.9167,28.75,No
Roof,45,91,112.4167,165,28.75,No
Roof,46,93,112.4167,195,28.75,No
Roof,47,94,0,28.9167,28.75,No
Roof,48,96,0,58.9167,28.75,No
Roof,49,98,0,88.9167,28.75,No
Roof,50,100,0,117.8333,28.75,No
Roof,51,102,0,150,28.75,No
Roof,52,104,0,180,28.75,No
Roof,53,106,0,210,28.75,No
Roof,55,111,0,43.9167,28.75,No
Roof,57,115,0,165,28.75,No
Roof,58,117,0,195,28.75,No
Roof,59,119,0,103.375,28.75,No
Roof,60,121,0,14.4583,28.75,No
Roof,56,127,204.5834,103.375,28.75,No
Roof,61,133,189.5834,103.375,28.75,No
Roof,63,131,174.5834,103.375,28.75,No
Roof,71,252,52.4167,117.8333,28.75,No
Roof,82,181,28.9167,28.9167,28.75,No
Roof,83,179,28.9167,58.9167,28.75,No
Roof,85,209,112.4167,28.9167,28.75,No
Roof,88,175,28.9167,88.9167,28.75,No
Roof,89,171,28.9167,117.8333,28.75,No
Roof,90,167,28.9167,150,28.75,No
Roof,91,224,28.9167,180,28.75,No
Roof,92,220,28.9167,210,28.75,No
Roof,98,207,88.9167,28.9167,28.75,No
Roof,106,211,129.5834,28.9167,28.75,No
Roof,107,215,129.5834,88.9167,28.75,No
Roof,112,213,159.5834,28.9167,28.75,No
Roof,113,195,159.5834,58.9167,28.75,No
Roof,114,217,159.5834,88.9167,28.75,No
Roof,119,203,189.5834,28.9167,28.75,No
Roof,120,192,189.5834,58.9167,28.75,No
Roof,121,201,189.5834,88.9167,28.75,No
Roof,122,196,189.5834,117.8333,28.75,No
Roof,127,165,219.5834,117.8333,28.75,No
Roof,6,188,58.9167,150,28.75,No
Roof,9,190,58.9167,28.9167,28.75,No
Roof,30,222,58.9167,210,28.75,No
Roof,54,226,58.9167,180,28.75,No
Roof,64,233,112.4167,87.8333,28.75,No
Roof,65,240,112.4167,57.8333,28.75,No
Roof,66,244,82.4167,57.8333,28.75,No
Roof,68,247,52.4167,87.8333,28.75,No
Roof,69,250,52.4167,57.8333,28.75,No
Roof,72,287,82.4167,117.8333,28.75,No
Roof,73,257,204.5834,117.8333,28.75,No
Roof,74,283,132.5834,58.9167,28.75,No
Roof,75,1538,82.4167,150,28.75,No
Roof,93,313,82.4167,164.75,28.75,No
Roof,95,316,82.4167,194,28.75,No
Roof,96,319,82.4167,134.75,28.75,No
Roof,67,1657,82.4167,223.9167,28.75,No
Roof,70,975,23.9167,117.8333,28.75,No
Roof,132,979,32.9167,117.8333,28.75,No
Roof,135,978,32.9167,112.5,28.75,No
Roof,138,980,32.9167,122.5,28.75,No
Roof,140,973,23.9167,112.5,28.75,No
Roof,141,977,23.9167,122.5,28.75,No
Roof,142,981,23.9167,83.5833,28.75,No
Roof,143,986,32.9167,83.5833,28.75,No
Roof,144,988,32.9167,93.5833,28.75,No
Roof,145,985,23.9167,93.5833,28.75,No
Roof,146,989,23.9167,53.5833,28.75,No
Roof,147,994,32.9167,53.5833,28.75,No
Roof,148,996,32.9167,63.5833,28.75,No
Roof,149,993,23.9167,63.5833,28.75,No
Roof,175,352,88.9167,11,28.75,No
Roof,176,1403,112.4167,11,28.75,No
Roof,179,4,114.7467,0,28.75,Yes
Roof,180,362,114.7467,11,28.75,No
Roof,181,997,23.9167,23.9167,28.75,No
Roof,182,1002,33.9167,23.9167,28.75,No
Roof,183,1004,33.9167,33.9167,28.75,No
Roof,184,1001,23.9167,33.9167,28.75,No
Roof,185,1005,53.9167,23.9167,28.75,No
Roof,186,1010,63.9167,23.9167,28.75,No
Roof,187,1012,63.9167,33.9167,28.75,No
Roof,188,1009,53.9167,33.9167,28.75,No
Roof,189,1166,83.9167,23.9167,28.75,No
Roof,190,1178,92.9167,23.9167,28.75,No
Roof,191,1016,92.9167,33.9167,28.75,No
Roof,192,1102,83.9167,33.9167,28.75,No
Roof,200,1031,134.5834,23.9167,28.75,No
Roof,201,1033,134.5834,33.9167,28.75,No
Roof,203,1026,126.5834,23.9167,28.75,No
Roof,204,1030,126.5834,33.9167,28.75,No
Roof,205,1034,154.5833,23.9167,28.75,No
Roof,206,1039,164.5833,23.9167,28.75,No
Roof,207,1041,164.5833,33.9167,28.75,No
Roof,208,1038,154.5833,33.9167,28.75,No
Roof,209,1042,184.5833,23.9167,28.75,No
Roof,210,1047,194.5833,23.9167,28.75,No
Roof,211,1049,194.5833,33.9167,28.75,No
Roof,212,1046,184.5833,33.9167,28.75,No
Roof,213,1050,154.5833,53.9167,28.75,No
Roof,214,1055,164.5833,53.9167,28.75,No
Roof,215,1057,164.5833,63.9167,28.75,No
Roof,216,1054,154.5833,63.9167,28.75,No
Roof,217,1058,184.5833,53.9167,28.75,No
Roof,218,1063,194.5833,53.9167,28.75,No
Roof,219,1065,194.5833,63.9167,28.75,No
Roof,220,1062,184.5833,63.9167,28.75,No
Roof,221,1066,154.5833,83.9167,28.75,No
Roof,222,1071,164.5833,83.9167,28.75,No
Roof,223,1073,164.5833,93.9167,28.75,No
Roof,224,1070,154.5833,93.9167,28.75,No
Roof,225,1074,184.5833,83.9167,28.75,No
Roof,226,1079,194.5833,83.9167,28.75,No
Roof,227,1110,194.5833,93.9167,28.75,No
Roof,228,1109,184.5833,93.9167,28.75,No
Roof,229,1081,194.5833,91.5833,28.75,No
Roof,230,1078,184.5833,91.5833,28.75,No
Roof,232,1083,134.5833,83.9167,28.75,No
Roof,233,1085,134.5833,93.9167,28.75,No
Roof,240,1162,137.0833,63.9167,28.75,No
Roof,242,1159,137.0833,53.9167,28.75,No
Roof,243,1155,129.0833,53.9167,28.75,No
Roof,244,1153,129.0833,63.9167,28.75,No
Roof,245,1100,83.9167,25.5833,28.75,No
Roof,246,1014,92.9167,25.5833,28.75,No
Roof,249,1018,108.4167,25.5833,28.75,No
Roof,250,1022,108.4167,33.9167,28.75,No
Roof,251,1023,115.4167,25.5833,28.75,No
Roof,252,1025,115.4167,33.9167,28.75,No
Roof,257,1087,23.9167,144.5,28.75,No
Roof,258,1092,33.9167,144.5,28.75,No
Roof,259,1095,53.9167,144.5,28.75,No
Roof,260,1103,63.9167,144.5,28.75,No
Roof,263,1088,28.9167,144.5,28.75,No
Roof,265,1096,58.9167,144.5,28.75,No
Roof,267,974,28.9167,112.5,28.75,No
Roof,268,976,28.9167,122.5,28.75,No
Roof,269,982,28.9167,83.5833,28.75,No
Roof,270,983,23.9167,88.9167,28.75,No
Roof,271,984,28.9167,93.5833,28.75,No
Roof,272,987,32.9167,88.9167,28.75,No
Roof,273,990,28.9167,53.5833,28.75,No
Roof,274,991,23.9167,58.9167,28.75,No
Roof,275,992,28.9167,63.5833,28.75,No
Roof,276,995,32.9167,58.9167,28.75,No
Roof,277,998,28.9167,23.9167,28.75,No
Roof,278,999,23.9167,28.9167,28.75,No
Roof,279,1000,28.9167,33.9167,28.75,No
Roof,280,1003,33.9167,28.9167,28.75,No
Roof,281,1006,58.9167,23.9167,28.75,No
Roof,282,1007,53.9167,28.9167,28.75,No
Roof,283,1008,58.9167,33.9167,28.75,No
Roof,284,1011,63.9167,28.9167,28.75,No
Roof,285,1013,88.9167,25.5833,28.75,No
Roof,286,1101,83.9167,28.9167,28.75,No
Roof,287,1017,88.9167,33.9167,28.75,No
Roof,288,1015,92.9167,28.9167,28.75,No
Roof,289,1019,112.4167,25.5833,28.75,No
Roof,290,1020,108.4167,28.9167,28.75,No
Roof,291,1021,112.4167,33.9167,28.75,No
Roof,292,1024,115.4167,28.9167,28.75,No
Roof,293,1027,129.5834,23.9167,28.75,No
Roof,294,1028,126.5834,28.9167,28.75,No
Roof,295,1029,129.5834,33.9167,28.75,No
Roof,296,1032,134.5834,28.9167,28.75,No
Roof,297,1035,159.5834,23.9167,28.75,No
Roof,298,1036,154.5833,28.9167,28.75,No
Roof,299,1037,159.5834,33.9167,28.75,No
Roof,300,1040,164.5833,28.9167,28.75,No
Roof,301,1043,189.5834,23.9167,28.75,No
Roof,302,1044,184.5833,28.9167,28.75,No
Roof,303,1045,189.5834,33.9167,28.75,No
Roof,304,1048,194.5833,28.9167,28.75,No
Roof,305,1051,159.5834,53.9167,28.75,No
Roof,306,1052,154.5833,58.9167,28.75,No
Roof,307,1053,159.5834,63.9167,28.75,No
Roof,308,1056,164.5833,58.9167,28.75,No
Roof,309,1059,189.5834,53.9167,28.75,No
Roof,310,1060,184.5833,58.9167,28.75,No
Roof,311,1061,189.5834,63.9167,28.75,No
Roof,312,1064,194.5833,58.9167,28.75,No
Roof,313,1067,159.5834,83.9167,28.75,No
Roof,314,1068,154.5833,88.9167,28.75,No
Roof,315,1069,159.5834,93.9167,28.75,No
Roof,316,1072,164.5833,88.9167,28.75,No
Roof,317,1075,189.5834,83.9167,28.75,No
Roof,318,1076,184.5833,88.9167,28.75,No
Roof,319,1077,189.5834,91.5833,28.75,No
Roof,320,1080,194.5833,88.9167,28.75,No
Roof,321,1082,129.5834,83.9167,28.75,No
Roof,323,1086,129.5834,93.9167,28.75,No
Roof,324,1084,134.5833,88.9167,28.75,No
Roof,327,1152,129.0833,58.9167,28.75,No
Roof,329,1160,137.0833,58.9167,28.75,No
Roof,330,1089,23.9167,150,28.75,No
Roof,331,1093,33.9167,150,28.75,No
Roof,332,1097,53.9167,150,28.75,No
Roof,333,1104,63.9167,150,28.75,No
Roof,334,1265,0,23.9167,28.75,No
Roof,335,1258,0,33.9167,28.75,No
Roof,337,1107,115.4167,23.9167,28.75,No
Roof,338,1321,219.5834,33.9167,28.75,No
Roof,339,1303,219.5834,23.9167,28.75,No
Roof,340,1339,219.5834,63.9167,28.75,No
Roof,341,1343,219.5834,53.9167,28.75,No
Roof,343,1143,112.4167,63.9167,28.75,No
Roof,344,1138,112.4167,53.9167,28.75,No
Roof,347,1253,32.9167,57.8333,28.75,No
Roof,348,1251,52.4167,63.5833,28.75,No
Roof,349,1248,0,63.5833,28.75,No
Roof,350,1255,0,53.5833,28.75,No
Roof,351,1237,0,93.5833,28.75,No
Roof,352,1244,0,83.5833,28.75,No
Roof,353,1247,52.4167,83.5833,28.75,No
Roof,355,1240,52.4167,93.5833,28.75,No
Roof,356,1144,112.4167,83.9167,28.75,No
Roof,358,1149,112.4167,93.9167,28.75,No
Roof,359,1336,219.5834,83.9167,28.75,No
Roof,360,1312,219.5834,93.9167,28.75,No
Roof,361,1234,52.4167,112.5,28.75,No
Roof,362,1235,0,112.5,28.75,No
Roof,363,1226,0,122.5,28.75,No
Roof,366,1220,0,144.5,28.75,No
Roof,368,1115,112.4167,144.5,28.75,No
Roof,369,1117,112.4167,122.5,28.75,No
Roof,371,1167,88.9167,23.9167,28.75,No
Roof,372,1442,114.7467,23.9167,28.75,No
Roof,373,1407,115.4167,11,28.75,No
Roof,374,1406,115.4167,0,28.75,No
Roof,383,1106,112.4167,23.9167,28.75,No
Roof,385,1243,52.4167,88.9167,28.75,No
Roof,386,1147,112.4167,88.9167,28.75,No
Roof,387,1108,189.5834,93.9167,28.75,No
Roof,390,1111,88.9167,150,28.75,No
Roof,393,1114,88.9167,144.5,28.75,No
Roof,394,1126,58.9167,117.8333,28.75,No
Roof,395,1127,58.9167,122.5,28.75,No
Roof,396,1116,88.9167,117.8333,28.75,No
Roof,397,1118,88.9167,122.5,28.75,No
Roof,398,1183,88.9167,180,28.75,No
Roof,399,1119,88.9167,210,28.75,No
Roof,400,1168,58.9167,53.5833,28.75,No
Roof,401,1171,58.9167,57.8333,28.75,No
Roof,402,1173,88.9167,53.5833,28.75,No
Roof,403,1174,88.9167,57.8333,28.75,No
Roof,415,1311,219.5834,91.5833,28.75,No
Roof,416,1346,164.5833,91.5833,28.75,No
Roof,417,1332,184.5833,117.8333,28.75,No
Roof,418,1334,194.5833,117.8333,28.75,No
Roof,422,1151,124.5833,63.9167,28.75,No
Roof,423,1187,23.9167,180,28.75,No
Roof,424,1191,33.9167,180,28.75,No
Roof,425,1199,53.9167,180,28.75,No
Roof,426,1194,63.9167,180,28.75,No
Roof,428,1128,53.9167,122.5,28.75,No
Roof,429,1230,63.9167,122.5,28.75,No
Roof,430,1272,23.9167,0,28.75,No
Roof,431,1277,33.9167,0,28.75,No
Roof,432,1281,53.9167,0,28.75,No
Roof,433,1285,63.9167,0,28.75,No
Roof,434,1410,126.5834,0,28.75,No
Roof,435,1413,134.5834,0,28.75,No
Roof,436,1416,154.5833,0,28.75,No
Roof,437,1419,164.5833,0,28.75,No
Roof,438,1422,184.5833,0,28.75,No
Roof,439,1425,194.5833,0,28.75,No
Roof,441,1270,53.9167,53.5833,28.75,No
Roof,442,1169,63.9167,53.5833,28.75,No
Roof,443,1172,83.9167,53.5833,28.75,No
Roof,444,1176,92.9167,53.5833,28.75,No
Roof,445,1137,108.4167,53.5833,28.75,No
Roof,449,1129,33.9167,210,28.75,No
Roof,450,1131,53.9167,210,28.75,No
Roof,451,1133,63.9167,210,28.75,No
Roof,452,1135,23.9167,210,28.75,No
Roof,453,1477,33.9167,223.9167,28.75,No
Roof,454,1478,53.9167,223.9167,28.75,No
Roof,455,1480,63.9167,223.9167,28.75,No
Roof,456,1482,23.9167,223.9167,28.75,No
Roof,459,1140,115.4167,53.9167,28.75,No
Roof,461,1139,108.4167,57.8333,28.75,No
Roof,467,1141,115.4167,58.0283,28.75,No
Roof,468,1142,115.4167,63.9167,28.75,No
Roof,469,1145,115.4167,83.9167,28.75,No
Roof,470,1146,115.4167,88.9167,28.75,No
Roof,471,1148,115.4167,93.9167,28.75,No
Roof,472,1384,115.4167,117.8333,28.75,No
Roof,473,1150,124.5833,58.6242,28.75,No
Roof,474,1154,124.5833,53.9167,28.75,No
Roof,475,1157,122.9065,33.9167,28.75,No
Roof,476,1156,122.9065,28.9167,28.75,No
Roof,478,1158,132.5834,53.9167,28.75,No
Roof,479,1161,132.5834,63.9167,28.75,No
Roof,481,1163,138.6742,83.9167,28.75,No
Roof,482,1164,138.6742,88.9167,28.75,No
Roof,483,1165,138.6742,93.9167,28.75,No
Roof,484,1375,138.6742,117.8333,28.75,No
Roof,485,1181,122.9065,23.9167,28.75,No
Roof,486,1408,122.9065,0,28.75,No
Roof,487,1170,63.9167,57.8333,28.75,No
Roof,488,1175,83.9167,57.8333,28.75,No
Roof,489,1177,92.9167,57.8333,28.75,No
Roof,490,1291,83.9167,0,28.75,No
Roof,491,1399,92.9167,11,28.75,No
Roof,492,1179,108.4167,23.9167,28.75,No
Roof,493,1401,108.4167,11,28.75,No
Roof,496,1180,122.9065,24.4654,28.75,No
Roof,499,1186,23.9167,165,28.75,No
Roof,501,1185,28.9167,165,28.75,No
Roof,502,1192,63.9167,165,28.75,No
Roof,505,1190,33.9167,165,28.75,No
Roof,506,1193,58.9167,165,28.75,No
Roof,509,1198,53.9167,165,28.75,No
Roof,511,1201,43.9167,210,28.75,No
Roof,512,1202,73.9167,210,28.75,No
Roof,513,1203,14.4583,210,28.75,No
Roof,517,1207,14.4583,180,28.75,No
Roof,518,1208,73.9167,180,28.75,No
Roof,519,1209,43.9167,180,28.75,No
Roof,520,1210,14.4583,165,28.75,No
Roof,522,1212,43.9167,165,28.75,No
Roof,526,1217,14.4583,150,28.75,No
Roof,527,1218,43.9167,150,28.75,No
Roof,528,1219,73.9167,150,28.75,No
Roof,529,1221,14.4583,144.5,28.75,No
Roof,530,1222,43.9167,144.5,28.75,No
Roof,531,1223,73.9167,144.5,28.75,No
Roof,532,1225,14.4583,122.5,28.75,No
Roof,533,1232,73.9167,122.5,28.75,No
Roof,534,1228,43.4167,122.5,28.75,No
Roof,535,1224,14.4583,117.8333,28.75,No
Roof,536,1227,42.6667,117.8333,28.75,No
Roof,538,1229,63.9167,117.8333,28.75,No
Roof,539,1231,73.9167,117.8333,28.75,No
Roof,540,1233,42.6667,112.5,28.75,No
Roof,541,1236,14.4583,112.5,28.75,No
Roof,542,1238,14.4583,93.5833,28.75,No
Roof,543,1239,42.6667,93.5833,28.75,No
Roof,544,1241,14.4583,88.9167,28.75,No
Roof,545,1242,42.6667,88.9167,28.75,No
Roof,546,1245,14.4583,83.5833,28.75,No
Roof,547,1246,42.6667,83.5833,28.75,No
Roof,548,1249,14.4583,63.5833,28.75,No
Roof,549,1250,42.6667,63.5833,28.75,No
Roof,550,1252,14.4583,58.9167,28.75,No
Roof,551,1254,42.6667,57.8333,28.75,No
Roof,552,1256,14.4583,53.5833,28.75,No
Roof,553,1257,42.6667,53.5833,28.75,No
Roof,554,1259,14.4583,33.9167,28.75,No
Roof,555,1260,14.4583,43.9167,28.75,No
Roof,556,1261,23.9167,43.9167,28.75,No
Roof,557,1262,28.9167,43.9167,28.75,No
Roof,558,1263,14.4583,28.9167,28.75,No
Roof,559,1264,33.4082,43.9167,28.75,No
Roof,560,1266,14.4583,23.9167,28.75,No
Roof,561,1267,43.2024,33.9167,28.75,No
Roof,562,1268,42.9303,43.9167,28.75,No
Roof,563,1269,53.9167,43.9167,28.75,No
Roof,564,1271,14.4583,14.4583,28.75,No
Roof,565,1273,23.9167,14.4583,28.75,No
Roof,566,1274,43.2024,28.9167,28.75,No
Roof,567,1275,28.9167,14.4583,28.75,No
Roof,568,1279,43.2024,23.9167,28.75,No
Roof,569,1278,33.9167,14.4583,28.75,No
Roof,571,1276,58.9167,43.9167,28.75,No
Roof,572,1280,43.5595,14.4583,28.75,No
Roof,573,1282,53.9167,14.4583,28.75,No
Roof,574,1283,58.9167,14.4583,28.75,No
Roof,575,1284,63.9167,43.9167,28.75,No
Roof,576,1286,63.9167,14.4583,28.75,No
Roof,577,1295,83.9167,43.9167,28.75,No
Roof,578,1288,73.9167,23.9167,28.75,No
Roof,579,1287,73.9167,14.4583,28.75,No
Roof,580,1289,73.9167,28.9167,28.75,No
Roof,581,1290,73.9167,25.5833,28.75,No
Roof,582,1292,83.9167,14.4583,28.75,No
Roof,583,1293,73.9167,33.9167,28.75,No
Roof,584,1294,73.9167,43.9167,28.75,No
Roof,585,1296,73.9167,53.5833,28.75,No
Roof,586,1297,73.9167,57.8333,28.75,No
Roof,587,1398,88.9167,14.4583,28.75,No
Roof,588,1298,88.9167,43.9167,28.75,No
Roof,589,1299,92.9167,43.9167,28.75,No
Roof,590,1310,204.5834,93.9167,28.75,No
Roof,591,1314,194.5833,43.9167,28.75,No
Roof,592,1315,194.5833,73.9167,28.75,No
Roof,593,1306,144.5834,23.9167,28.75,No
Roof,594,1323,174.5834,23.9167,28.75,No
Roof,595,1301,204.5834,14.4583,28.75,No
Roof,596,1300,194.5833,14.4583,28.75,No
Roof,597,1302,204.5834,23.9167,28.75,No
Roof,598,1304,108.4167,43.9167,28.75,No
Roof,599,1319,144.5834,93.9167,28.75,No
Roof,600,1305,204.5834,28.9167,28.75,No
Roof,601,1307,144.5834,28.9167,28.75,No
Roof,602,1308,88.9167,133.9167,28.75,No
Roof,603,1309,204.5834,91.5833,28.75,No
Roof,604,1313,189.5834,43.9167,28.75,No
Roof,605,1316,189.5834,73.9167,28.75,No
Roof,606,1317,189.5834,14.4583,28.75,No
Roof,607,1318,144.5834,88.9167,28.75,No
Roof,608,1320,204.5834,33.9167,28.75,No
Roof,609,1322,144.5834,33.9167,28.75,No
Roof,610,1324,174.5834,28.9167,28.75,No
Roof,611,1325,204.5834,88.9167,28.75,No
Roof,612,1326,184.5833,14.4583,28.75,No
Roof,613,1327,144.5834,83.9167,28.75,No
Roof,614,1328,73.9167,133.9167,28.75,No
Roof,615,1329,174.5834,93.9167,28.75,No
Roof,616,1330,159.5834,103.375,28.75,No
Roof,617,1331,184.5833,103.375,28.75,No
Roof,618,1333,194.5833,103.375,28.75,No
Roof,619,1335,204.5834,83.9167,28.75,No
Roof,620,1337,204.5834,73.9167,28.75,No
Roof,621,1338,204.5834,63.9167,28.75,No
Roof,622,1340,184.5833,73.9167,28.75,No
Roof,623,1341,204.5834,58.9167,28.75,No
Roof,624,1344,164.5833,73.9167,28.75,No
Roof,625,1342,204.5834,53.9167,28.75,No
Roof,626,1345,159.5834,73.9167,28.75,No
Roof,627,1347,174.5834,91.5833,28.75,No
Roof,628,1348,174.5834,88.9167,28.75,No
Roof,629,1349,174.5834,83.9167,28.75,No
Roof,630,1350,204.5834,43.9167,28.75,No
Roof,631,1351,184.5833,43.9167,28.75,No
Roof,632,1352,174.5834,14.4583,28.75,No
Roof,633,1353,174.5834,73.9167,28.75,No
Roof,634,1354,174.5834,33.9167,28.75,No
Roof,635,1355,154.5833,73.9167,28.75,No
Roof,636,1361,164.5833,43.9167,28.75,No
Roof,637,1356,164.5833,14.4583,28.75,No
Roof,638,1357,174.5834,63.9167,28.75,No
Roof,639,1358,159.5834,14.4583,28.75,No
Roof,640,1363,145.8333,53.9167,28.75,No
Roof,641,1368,137.8788,73.9167,28.75,No
Roof,642,1359,144.5834,103.375,28.75,No
Roof,643,1360,174.5834,43.9167,28.75,No
Roof,644,1362,174.5834,58.9167,28.75,No
Roof,645,1364,145.8333,58.9167,28.75,No
Roof,646,1365,174.5834,53.9167,28.75,No
Roof,647,1366,145.8333,63.9167,28.75,No
Roof,648,1367,159.5834,43.9167,28.75,No
Roof,649,253,133.5834,73.9167,28.75,No
Roof,650,1370,144.0834,73.9167,28.75,No
Roof,651,1371,154.5833,14.4583,28.75,No
Roof,652,1372,154.5833,43.9167,28.75,No
Roof,653,1373,129.3334,73.9167,28.75,No
Roof,654,1374,138.6742,103.375,28.75,No
Roof,656,1377,129.5834,103.375,28.75,No
Roof,657,1378,144.5834,14.4583,28.75,No
Roof,658,1379,145.2084,43.9167,28.75,No
Roof,659,1380,115.4167,73.9167,28.75,No
Roof,660,1381,124.5833,103.375,28.75,No
Roof,661,1382,115.4167,103.375,28.75,No
Roof,662,1383,124.5833,117.8333,28.75,No
Roof,663,1385,134.5834,14.4583,28.75,No
Roof,664,1386,135.8334,43.9167,28.75,No
Roof,665,1387,112.4167,103.375,28.75,No
Roof,666,1388,129.5834,14.4583,28.75,No
Roof,667,1389,112.4167,73.9167,28.75,No
Roof,668,1390,131.0834,43.9167,28.75,No
Roof,669,1391,126.5834,14.4583,28.75,No
Roof,670,1392,127.8334,43.9167,28.75,No
Roof,671,1393,112.4167,44.0862,28.75,No
Roof,672,1394,115.4167,44.0862,28.75,No
Roof,673,1395,122.9065,14.4583,28.75,No
Roof,674,1396,123.7449,43.9167,28.75,No
Roof,675,1397,115.4167,14.4583,28.75,No
Roof,677,1400,92.9167,14.4583,28.75,No
Roof,678,1402,108.4167,14.4583,28.75,No
Roof,679,1404,112.4167,14.4583,28.75,No
Roof,680,1405,114.7467,14.4583,28.75,No
Roof,681,1409,122.9065,11,28.75,No
Roof,682,1411,126.5834,11,28.75,No
Roof,683,1412,129.5834,11,28.75,No
Roof,684,1414,134.5834,11,28.75,No
Roof,685,1415,144.5834,11,28.75,No
Roof,686,1417,154.5833,11,28.75,No
Roof,687,1418,159.5834,11,28.75,No
Roof,688,1420,164.5833,11,28.75,No
Roof,689,1421,174.5834,11,28.75,No
Roof,690,1423,184.5833,11,28.75,No
Roof,691,1424,189.5834,11,28.75,No
Roof,692,1426,194.5833,11,28.75,No
Roof,693,1427,204.5834,11,28.75,No
Roof,694,1428,219.5834,11,28.75,No
Roof,695,1429,63.9167,133.9167,28.75,No
Roof,696,1430,58.9167,133.9167,28.75,No
Roof,697,1431,53.9167,133.9167,28.75,No
Roof,698,1432,43.6761,133.9167,28.75,No
Roof,699,1433,33.4356,133.9167,28.75,No
Roof,700,1434,28.9167,133.9167,28.75,No
Roof,701,1435,23.9167,133.9167,28.75,No
Roof,702,1436,14.4583,133.9167,28.75,No
Roof,703,1437,0,133.9167,28.75,No
Roof,704,1120,126.5833,83.9167,28.75,No
Roof,705,1124,126.5833,88.9167,28.75,No
Roof,706,1125,126.5833,93.9167,28.75,No
Roof,707,1376,126.5833,73.9167,28.75,No
Roof,708,1438,164.5833,103.375,28.75,No
Roof,709,1439,154.5833,103.375,28.75,No
Roof,710,1440,164.5833,117.8333,28.75,No
Roof,711,1441,154.5833,117.8333,28.75,No
Roof,715,1090,28.9167,155,28.75,No
Roof,716,1091,23.9167,155,28.75,No
Roof,717,1094,33.9167,155,28.75,No
Roof,718,1098,58.9167,155,28.75,No
Roof,719,1099,53.9167,155,28.75,No
Roof,720,1105,63.9167,155,28.75,No
Roof,721,1112,112.4167,155,28.75,No
Roof,722,1113,88.9167,155,28.75,No
Roof,723,1213,0,155,28.75,No
Roof,724,1214,14.4583,155,28.75,No
Roof,725,1215,73.9167,155,28.75,No
Roof,726,1216,43.9167,155,28.75,No
Roof,727,1452,23.9167,174.5,28.75,No
Roof,728,1453,28.9167,174.5,28.75,No
Roof,729,1454,28.9167,185,28.75,No
Roof,730,1455,23.9167,185,28.75,No
Roof,731,1456,33.9167,174.5,28.75,No
Roof,732,1457,33.9167,185,28.75,No
Roof,733,1458,53.9167,174.5,28.75,No
Roof,734,1459,58.9167,174.5,28.75,No
Roof,735,1460,58.9167,185,28.75,No
Roof,736,1461,53.9167,185,28.75,No
Roof,737,1462,63.9167,174.5,28.75,No
Roof,738,1463,63.9167,185,28.75,No
Roof,739,1464,23.9167,204.5,28.75,No
Roof,740,1465,28.9167,204.5,28.75,No
Roof,743,1468,33.9167,204.5,28.75,No
Roof,745,1470,53.9167,204.5,28.75,No
Roof,746,1471,58.9167,204.5,28.75,No
Roof,749,1474,63.9167,204.5,28.75,No
Roof,751,1466,28.9167,212.3333,28.75,No
Roof,752,1467,23.9167,212.3333,28.75,No
Roof,753,1469,33.9167,212.3333,28.75,No
Roof,754,1472,58.9167,212.3333,28.75,No
Roof,755,1473,53.9167,212.3333,28.75,No
Roof,756,1475,63.9167,212.3333,28.75,No
Roof,757,1476,43.9167,212.3333,28.75,No
Roof,758,1479,73.9167,212.3333,28.75,No
Roof,759,1481,14.4583,212.3333,28.75,No
Roof,760,1483,0,212.3333,28.75,No
Roof,761,1484,88.9167,212.3333,28.75,No
Roof,762,1485,112.4167,212.3333,28.75,No
Roof,763,1486,14.4583,204.5,28.75,No
Roof,764,1487,73.9167,204.5,28.75,No
Roof,765,1488,43.9167,204.5,28.75,No
Roof,766,1489,0,204.5,28.75,No
Roof,767,1490,14.4583,185,28.75,No
Roof,768,1491,73.9167,185,28.75,No
Roof,769,1492,43.9167,185,28.75,No
Roof,770,1493,14.4583,174.5,28.75,No
Roof,771,1494,73.9167,174.5,28.75,No
Roof,772,1495,43.9167,174.5,28.75,No
Roof,773,1496,0,185,28.75,No
Roof,774,1497,0,174.5,28.75,No
Roof,775,1498,77.4167,188.5,28.75,No
Roof,776,1499,82.4167,188.5,28.75,No
Roof,777,1500,77.4167,194,28.75,No
Roof,778,1501,82.4167,199,28.75,No
Roof,779,1502,77.4167,199,28.75,No
Roof,783,1506,77.4167,159.25,28.75,No
Roof,784,1507,82.4167,159.25,28.75,No
Roof,785,1508,77.4167,164.75,28.75,No
Roof,786,1509,82.4167,169.75,28.75,No
Roof,787,1510,77.4167,169.75,28.75,No
Roof,791,1503,86.4167,188.5,28.75,No
Roof,792,1504,86.4167,194,28.75,No
Roof,793,1505,86.4167,199,28.75,No
Roof,794,1511,86.4167,159.25,28.75,No
Roof,795,1512,86.4167,164.75,28.75,No
Roof,796,1513,86.4167,169.75,28.75,No
Roof,797,1514,77.4167,129.25,28.75,No
Roof,798,1515,82.4167,129.25,28.75,No
Roof,799,1516,77.4167,134.75,28.75,No
Roof,800,1517,82.4167,139.75,28.75,No
Roof,801,1518,77.4167,139.75,28.75,No
Roof,802,1519,86.4167,129.25,28.75,No
Roof,803,1520,86.4167,134.75,28.75,No
Roof,804,1521,86.4167,139.75,28.75,No
Roof,805,1522,73.9167,199,28.75,No
Roof,806,1523,86.4167,210,28.75,No
Roof,807,1524,88.9167,199,28.75,No
Roof,808,1525,86.4167,155,28.75,No
Roof,809,1526,77.4167,155,28.75,No
Roof,810,1527,73.9167,139.75,28.75,No
Roof,811,1528,86.4167,144.5,28.75,No
Roof,812,1529,86.4167,117.8333,28.75,No
Roof,813,1530,73.9167,129.25,28.75,No
Roof,814,1531,86.4167,180,28.75,No
Roof,815,1532,77.4167,180,28.75,No
Roof,816,1533,77.4167,150,28.75,No
Roof,817,1534,82.4167,155,28.75,No
Roof,818,1537,77.4167,144.5,28.75,No
Roof,819,1539,86.4167,150,28.75,No
Roof,820,1540,82.4167,144.5,28.75,No
Roof,821,1541,77.4167,117.8333,28.75,No
Roof,822,1542,77.4167,122.5,28.75,No
Roof,823,1543,82.4167,122.5,28.75,No
Roof,824,1544,86.4167,122.5,28.75,No
Roof,825,1545,88.9167,129.25,28.75,No
Roof,827,1547,88.9167,139.75,28.75,No
Roof,828,1548,112.4167,129.25,28.75,No
Roof,829,1549,112.4167,139.75,28.75,No
Roof,830,1550,63.9167,129.25,28.75,No
Roof,831,1551,63.9167,139.75,28.75,No
Roof,832,1552,86.4167,204.5,28.75,No
Roof,833,1553,88.9167,164.75,28.75,No
Roof,834,1554,88.9167,188.5,28.75,No
Roof,835,1555,88.9167,194,28.75,No
Roof,836,1556,73.9167,164.75,28.75,No
Roof,837,1557,73.9167,188.5,28.75,No
Roof,838,1558,73.9167,194,28.75,No
Roof,839,1559,82.4167,180,28.75,No
Roof,840,1564,112.4167,164.75,28.75,No
Roof,841,1567,58.9167,129.25,28.75,No
Roof,842,1570,77.4167,174.5,28.75,No
Roof,843,1565,112.4167,194,28.75,No
Roof,844,1568,63.9167,194,28.75,No
Roof,845,1569,77.4167,204.5,28.75,No
Roof,846,1571,82.4167,174.5,28.75,No
Roof,847,1572,77.4167,185,28.75,No
Roof,848,1573,112.4167,199,28.75,No
Roof,849,1574,58.9167,194,28.75,No
Roof,850,1575,58.9167,139.75,28.75,No
Roof,851,1576,86.4167,212.3333,28.75,No
Roof,852,1577,88.9167,204.5,28.75,No
Roof,853,1578,77.4167,210,28.75,No
Roof,854,1579,63.9167,199,28.75,No
Roof,855,1580,63.9167,188.5,28.75,No
Roof,856,1581,53.9167,194,28.75,No
Roof,857,1582,86.4167,174.5,28.75,No
Roof,858,1583,53.9167,129.25,28.75,No
Roof,859,1584,53.9167,139.75,28.75,No
Roof,860,1585,86.4167,223.9167,28.75,No
Roof,861,1586,43.9167,194,28.75,No
Roof,862,1587,88.9167,174.5,28.75,No
Roof,863,1588,82.4167,185,28.75,No
Roof,864,1589,58.9167,188.5,28.75,No
Roof,865,1590,58.9167,199,28.75,No
Roof,866,1591,77.4167,212.3333,28.75,No
Roof,867,1592,43.5701,129.25,28.75,No
Roof,868,1593,43.8087,139.75,28.75,No
Roof,869,1594,33.9167,194,28.75,No
Roof,870,1595,88.9167,159.25,28.75,No
Roof,871,1596,73.9167,159.25,28.75,No
Roof,872,1597,86.4167,185,28.75,No
Roof,873,1598,112.4167,174.5,28.75,No
Roof,874,1599,112.4167,188.5,28.75,No
Roof,875,1600,112.4167,204.5,28.75,No
Roof,876,1601,53.9167,188.5,28.75,No
Roof,877,1602,53.9167,199,28.75,No
Roof,878,1603,77.4167,223.9167,28.75,No
Roof,879,1604,33.2235,129.25,28.75,No
Roof,880,1605,33.7008,139.75,28.75,No
Roof,881,1606,88.9167,185,28.75,No
Roof,882,1607,112.4167,159.25,28.75,No
Roof,883,1608,63.9167,159.359,28.75,No
Roof,884,1609,73.9167,169.75,28.75,No
Roof,885,1610,43.9167,199,28.75,No
Roof,886,1611,43.9167,188.5,28.75,No
Roof,887,1612,88.9167,169.75,28.75,No
Roof,888,1613,58.9167,159.359,28.75,No
Roof,889,1614,28.9167,129.25,28.75,No
Roof,890,1615,28.9167,139.75,28.75,No
Roof,891,1616,28.9167,194,28.75,No
Roof,892,1617,63.9167,169.8718,28.75,No
Roof,893,1618,33.9167,199,28.75,No
Roof,894,1619,33.9167,188.5,28.75,No
Roof,895,1620,112.4167,169.75,28.75,No
Roof,896,1621,112.4167,185,28.75,No
Roof,897,1622,53.9167,159.359,28.75,No
Roof,898,1623,23.9167,129.25,28.75,No
Roof,899,1624,23.9167,139.75,28.75,No
Roof,900,1625,58.9167,169.8718,28.75,No
Roof,901,1626,28.9167,188.5,28.75,No
Roof,902,1627,28.9167,199,28.75,No
Roof,903,1628,43.9167,159.359,28.75,No
Roof,904,1629,14.4583,129.25,28.75,No
Roof,905,1630,14.4583,139.75,28.75,No
Roof,906,1631,53.9167,169.8718,28.75,No
Roof,907,1632,23.9167,188.5,28.75,No
Roof,908,1633,23.9167,194,28.75,No
Roof,909,1634,23.9167,199,28.75,No
Roof,910,1635,33.9167,159.359,28.75,No
Roof,911,1636,0,129.25,28.75,No
Roof,912,1637,0,139.75,28.75,No
Roof,913,1638,14.4583,199,28.75,No
Roof,914,1639,14.4583,194,28.75,No
Roof,915,1640,14.4583,188.5,28.75,No
Roof,916,1641,43.9167,169.8718,28.75,No
Roof,917,1642,28.9167,159.359,28.75,No
Roof,918,1643,0,199,28.75,No
Roof,919,1644,0,194,28.75,No
Roof,920,1645,0,188.5,28.75,No
Roof,921,1646,33.9167,169.8718,28.75,No
Roof,922,1647,23.9167,159.359,28.75,No
Roof,923,1648,28.9167,169.8718,28.75,No
Roof,924,1649,14.4583,159.359,28.75,No
Roof,925,1650,23.9167,169.8718,28.75,No
Roof,926,1651,0,159.359,28.75,No
Roof,927,1652,14.4583,169.8718,28.75,No
Roof,928,1653,0,169.8718,28.75,No
Roof,929,1654,82.4167,204.5,28.75,No
Roof,930,1655,82.4167,210,28.75,No
Roof,931,1656,82.4167,212.3333,28.75,No
Roof,2,3,92.9167,0,28.75,No
Roof,62,125,108.4167,0,28.75,No
Roof,84,146,112.4167,0,28.75,No
Second Floor,1,22,219.5834,0,16,No
Second Floor,3,186,88.9167,0,16,No
Second Floor,4,124,0,0,16,No
Second Floor,5,136,14.4583,0,16,No
Second Floor,7,10,28.9167,0,16,No
Second Floor,8,137,43.9167,0,16,No
Second Floor,10,13,58.9167,0,16,No
Second Floor,11,138,73.9167,0,16,No
Second Floor,13,17,129.5834,0,16,No
Second Floor,14,139,144.5834,0,16,No
Second Floor,16,237,174.5834,0,16,No
Second Floor,17,140,204.5834,0,16,No
Second Floor,18,18,159.5834,0,16,No
Second Floor,19,21,189.5834,0,16,No
Second Floor,20,123,0,223.9167,16,No
Second Floor,21,177,28.9167,223.9167,16,No
Second Floor,22,141,58.9167,223.9167,16,No
Second Floor,23,194,88.9167,223.9167,16,No
Second Floor,24,122,112.4167,223.9167,16,No
Second Floor,25,142,43.9167,223.9167,16,No
Second Floor,26,145,73.9167,223.9167,16,No
Second Floor,27,147,14.4583,223.9167,16,No
Second Floor,28,23,219.5834,28.9167,16,No
Second Floor,29,60,219.5834,58.9167,16,No
Second Floor,31,61,219.5834,88.9167,16,No
Second Floor,32,148,219.5834,43.9167,16,No
Second Floor,33,149,219.5834,73.9167,16,No
Second Floor,34,150,219.5834,14.4583,16,No
Second Floor,35,135,219.5834,103.375,16,No
Second Floor,36,112,159.5834,117.8333,16,No
Second Floor,37,204,129.5834,117.8333,16,No
Second Floor,38,109,112.4167,117.8333,16,No
Second Floor,39,129,144.5834,117.8333,16,No
Second Floor,40,113,174.5834,117.8333,16,No
Second Floor,41,198,112.4167,150,16,No
Second Floor,42,199,112.4167,180,16,No
Second Floor,43,200,112.4167,210,16,No
Second Floor,44,151,112.4167,133.9167,16,No
Second Floor,45,152,112.4167,165,16,No
Second Floor,46,153,112.4167,195,16,No
Second Floor,47,158,0,28.9167,16,No
Second Floor,48,144,0,58.9167,16,No
Second Floor,49,168,0,88.9167,16,No
Second Floor,50,170,0,117.8333,16,No
Second Floor,51,172,0,150,16,No
Second Floor,52,174,0,180,16,No
Second Floor,53,176,0,210,16,No
Second Floor,55,154,0,43.9167,16,No
Second Floor,57,155,0,165,16,No
Second Floor,58,156,0,195,16,No
Second Floor,59,241,0,103.375,16,No
Second Floor,60,157,0,14.4583,16,No
Second Floor,56,162,204.5834,103.375,16,No
Second Floor,61,231,189.5834,103.375,16,No
Second Floor,63,134,174.5834,103.375,16,No
Second Floor,71,143,52.4167,117.8333,16,No
Second Floor,82,262,28.9167,28.9167,16,No
Second Floor,83,261,28.9167,58.9167,16,No
Second Floor,85,271,112.4167,28.9167,16,No
Second Floor,88,260,28.9167,88.9167,16,No
Second Floor,89,259,28.9167,117.8333,16,No
Second Floor,90,258,28.9167,150,16,No
Second Floor,91,223,28.9167,180,16,No
Second Floor,92,219,28.9167,210,16,No
Second Floor,98,270,88.9167,28.9167,16,No
Second Floor,106,272,129.5834,28.9167,16,No
Second Floor,107,274,129.5834,88.9167,16,No
Second Floor,112,273,159.5834,28.9167,16,No
Second Floor,113,266,159.5834,58.9167,16,No
Second Floor,114,275,159.5834,88.9167,16,No
Second Floor,119,269,189.5834,28.9167,16,No
Second Floor,120,265,189.5834,58.9167,16,No
Second Floor,121,268,189.5834,88.9167,16,No
Second Floor,122,267,189.5834,117.8333,16,No
Second Floor,127,276,219.5834,117.8333,16,No
Second Floor,6,263,58.9167,150,16,No
Second Floor,9,264,58.9167,28.9167,16,No
Second Floor,30,221,58.9167,210,16,No
Second Floor,54,225,58.9167,180,16,No
Second Floor,64,232,112.4167,87.8333,16,No
Second Floor,65,239,112.4167,57.8333,16,No
Second Floor,66,243,82.4167,57.8333,16,No
Second Floor,68,246,52.4167,87.8333,16,No
Second Floor,69,249,52.4167,57.8333,16,No
Second Floor,72,288,82.4167,117.8333,16,No
Second Floor,73,277,204.5834,117.8333,16,No
Second Floor,74,282,132.5834,58.9167,16,No
Second Floor,75,291,82.4167,150,16,No
Second Floor,76,294,28.9167,186.5,16,No
Second Floor,77,296,58.9167,186.5,16,No
Second Floor,78,298,82.4167,186.5,16,No
Second Floor,79,301,28.9167,216.5,16,No
Second Floor,80,303,58.9167,216.5,16,No
Second Floor,81,305,82.4167,216.5,16,No
Second Floor,93,312,82.4167,164.75,16,No
Second Floor,95,315,82.4167,194,16,No
Second Floor,96,318,82.4167,134.75,16,No
Second Floor,67,128,82.4167,223.9167,16,No
Second Floor,70,440,23.9167,117.8333,16,No
Second Floor,132,444,32.9167,117.8333,16,No
Second Floor,135,443,32.9167,112.5,16,No
Second Floor,138,445,32.9167,122.5,16,No
Second Floor,140,438,23.9167,112.5,16,No
Second Floor,141,442,23.9167,122.5,16,No
Second Floor,142,446,23.9167,83.5833,16,No
Second Floor,143,451,32.9167,83.5833,16,No
Second Floor,144,453,32.9167,93.5833,16,No
Second Floor,145,450,23.9167,93.5833,16,No
Second Floor,146,454,23.9167,53.5833,16,No
Second Floor,147,459,32.9167,53.5833,16,No
Second Floor,148,461,32.9167,63.5833,16,No
Second Floor,149,458,23.9167,63.5833,16,No
Second Floor,175,351,88.9167,11,16,No
Second Floor,176,649,112.4167,11,16,No
Second Floor,179,14,114.7467,0,16,No
Second Floor,180,358,114.7467,11,16,No
Second Floor,181,462,23.9167,23.9167,16,No
Second Floor,182,467,33.9167,23.9167,16,No
Second Floor,183,469,33.9167,33.9167,16,No
Second Floor,184,466,23.9167,33.9167,16,No
Second Floor,185,470,53.9167,23.9167,16,No
Second Floor,186,475,63.9167,23.9167,16,No
Second Floor,187,477,63.9167,33.9167,16,No
Second Floor,188,474,53.9167,33.9167,16,No
Second Floor,189,740,83.9167,23.9167,16,No
Second Floor,190,744,92.9167,23.9167,16,No
Second Floor,191,485,92.9167,33.9167,16,No
Second Floor,192,482,83.9167,33.9167,16,No
Second Floor,200,499,134.5834,23.9167,16,No
Second Floor,201,501,134.5834,33.9167,16,No
Second Floor,203,494,126.5834,23.9167,16,No
Second Floor,204,498,126.5834,33.9167,16,No
Second Floor,205,502,154.5833,23.9167,16,No
Second Floor,206,507,164.5833,23.9167,16,No
Second Floor,207,509,164.5833,33.9167,16,No
Second Floor,208,506,154.5833,33.9167,16,No
Second Floor,209,510,184.5833,23.9167,16,No
Second Floor,210,515,194.5833,23.9167,16,No
Second Floor,211,517,194.5833,33.9167,16,No
Second Floor,212,514,184.5833,33.9167,16,No
Second Floor,213,518,154.5833,53.9167,16,No
Second Floor,214,523,164.5833,53.9167,16,No
Second Floor,215,525,164.5833,63.9167,16,No
Second Floor,216,522,154.5833,63.9167,16,No
Second Floor,217,526,184.5833,53.9167,16,No
Second Floor,218,531,194.5833,53.9167,16,No
Second Floor,219,533,194.5833,63.9167,16,No
Second Floor,220,530,184.5833,63.9167,16,No
Second Floor,221,534,154.5833,83.9167,16,No
Second Floor,222,539,164.5833,83.9167,16,No
Second Floor,223,541,164.5833,93.9167,16,No
Second Floor,224,538,154.5833,93.9167,16,No
Second Floor,225,542,184.5833,83.9167,16,No
Second Floor,226,547,194.5833,83.9167,16,No
Second Floor,227,605,194.5833,93.9167,16,No
Second Floor,228,604,184.5833,93.9167,16,No
Second Floor,229,549,194.5833,91.5833,16,No
Second Floor,230,546,184.5833,91.5833,16,No
Second Floor,232,555,134.5833,83.9167,16,No
Second Floor,233,557,134.5833,93.9167,16,No
Second Floor,240,566,137.0833,63.9167,16,No
Second Floor,242,564,137.0833,53.9167,16,No
Second Floor,243,558,129.0833,53.9167,16,No
Second Floor,244,563,129.0833,63.9167,16,No
Second Floor,245,478,83.9167,25.5833,16,No
Second Floor,246,483,92.9167,25.5833,16,No
Second Floor,249,486,108.4167,25.5833,16,No
Second Floor,250,490,108.4167,33.9167,16,No
Second Floor,251,491,115.4167,25.5833,16,No
Second Floor,252,493,115.4167,33.9167,16,No
Second Floor,255,572,33.9167,156.25,16,No
Second Floor,256,569,23.9167,156.25,16,No
Second Floor,257,567,23.9167,144.5,16,No
Second Floor,258,570,33.9167,144.5,16,No
Second Floor,259,573,53.9167,144.5,16,No
Second Floor,260,576,63.9167,144.5,16,No
Second Floor,261,578,63.9167,156.25,16,No
Second Floor,262,575,53.9167,156.25,16,No
Second Floor,263,426,28.9167,144.5,16,No
Second Floor,264,427,28.9167,156.25,16,No
Second Floor,265,432,58.9167,144.5,16,No
Second Floor,266,433,58.9167,156.25,16,No
Second Floor,267,439,28.9167,112.5,16,No
Second Floor,268,441,28.9167,122.5,16,No
Second Floor,269,447,28.9167,83.5833,16,No
Second Floor,270,448,23.9167,88.9167,16,No
Second Floor,271,449,28.9167,93.5833,16,No
Second Floor,272,452,32.9167,88.9167,16,No
Second Floor,273,455,28.9167,53.5833,16,No
Second Floor,274,456,23.9167,58.9167,16,No
Second Floor,275,457,28.9167,63.5833,16,No
Second Floor,276,460,32.9167,58.9167,16,No
Second Floor,277,463,28.9167,23.9167,16,No
Second Floor,278,464,23.9167,28.9167,16,No
Second Floor,279,465,28.9167,33.9167,16,No
Second Floor,280,468,33.9167,28.9167,16,No
Second Floor,281,471,58.9167,23.9167,16,No
Second Floor,282,472,53.9167,28.9167,16,No
Second Floor,283,473,58.9167,33.9167,16,No
Second Floor,284,476,63.9167,28.9167,16,No
Second Floor,285,479,88.9167,25.5833,16,No
Second Floor,286,480,83.9167,28.9167,16,No
Second Floor,287,481,88.9167,33.9167,16,No
Second Floor,288,484,92.9167,28.9167,16,No
Second Floor,289,487,112.4167,25.5833,16,No
Second Floor,290,488,108.4167,28.9167,16,No
Second Floor,291,489,112.4167,33.9167,16,No
Second Floor,292,492,115.4167,28.9167,16,No
Second Floor,293,495,129.5834,23.9167,16,No
Second Floor,294,496,126.5834,28.9167,16,No
Second Floor,295,497,129.5834,33.9167,16,No
Second Floor,296,500,134.5834,28.9167,16,No
Second Floor,297,503,159.5834,23.9167,16,No
Second Floor,298,504,154.5833,28.9167,16,No
Second Floor,299,505,159.5834,33.9167,16,No
Second Floor,300,508,164.5833,28.9167,16,No
Second Floor,301,511,189.5834,23.9167,16,No
Second Floor,302,512,184.5833,28.9167,16,No
Second Floor,303,513,189.5834,33.9167,16,No
Second Floor,304,516,194.5833,28.9167,16,No
Second Floor,305,519,159.5834,53.9167,16,No
Second Floor,306,520,154.5833,58.9167,16,No
Second Floor,307,521,159.5834,63.9167,16,No
Second Floor,308,524,164.5833,58.9167,16,No
Second Floor,309,527,189.5834,53.9167,16,No
Second Floor,310,528,184.5833,58.9167,16,No
Second Floor,311,529,189.5834,63.9167,16,No
Second Floor,312,532,194.5833,58.9167,16,No
Second Floor,313,535,159.5834,83.9167,16,No
Second Floor,314,536,154.5833,88.9167,16,No
Second Floor,315,537,159.5834,93.9167,16,No
Second Floor,316,540,164.5833,88.9167,16,No
Second Floor,317,543,189.5834,83.9167,16,No
Second Floor,318,544,184.5833,88.9167,16,No
Second Floor,319,545,189.5834,91.5833,16,No
Second Floor,320,548,194.5833,88.9167,16,No
Second Floor,321,551,129.5834,83.9167,16,No
Second Floor,323,553,129.5834,93.9167,16,No
Second Floor,324,556,134.5833,88.9167,16,No
Second Floor,327,561,129.0833,58.9167,16,No
Second Floor,329,565,137.0833,58.9167,16,No
Second Floor,330,568,23.9167,150,16,No
Second Floor,331,571,33.9167,150,16,No
Second Floor,332,574,53.9167,150,16,No
Second Floor,333,577,63.9167,150,16,No
Second Floor,334,579,0,23.9167,16,No
Second Floor,335,580,0,33.9167,16,No
Second Floor,337,582,115.4167,23.9167,16,No
Second Floor,338,583,219.5834,33.9167,16,No
Second Floor,339,584,219.5834,23.9167,16,No
Second Floor,340,585,219.5834,63.9167,16,No
Second Floor,341,586,219.5834,53.9167,16,No
Second Floor,343,588,112.4167,63.9167,16,No
Second Floor,344,623,112.4167,53.9167,16,No
Second Floor,347,592,32.9167,57.8333,16,No
Second Floor,348,593,52.4167,63.5833,16,No
Second Floor,349,594,0,63.5833,16,No
Second Floor,350,595,0,53.5833,16,No
Second Floor,351,596,0,93.5833,16,No
Second Floor,352,597,0,83.5833,16,No
Second Floor,353,598,52.4167,83.5833,16,No
Second Floor,355,600,52.4167,93.5833,16,No
Second Floor,356,601,112.4167,83.9167,16,No
Second Floor,358,603,112.4167,93.9167,16,No
Second Floor,359,606,219.5834,83.9167,16,No
Second Floor,360,607,219.5834,93.9167,16,No
Second Floor,361,608,52.4167,112.5,16,No
Second Floor,362,609,0,112.5,16,No
Second Floor,363,610,0,122.5,16,No
Second Floor,365,612,0,156.25,16,No
Second Floor,366,613,0,144.5,16,No
Second Floor,367,614,112.4167,156.25,16,No
Second Floor,368,615,112.4167,144.5,16,No
Second Floor,369,616,112.4167,122.5,16,No
Second Floor,371,618,88.9167,23.9167,16,No
Second Floor,372,1447,114.7467,23.9167,16,No
Second Floor,373,949,115.4167,11,16,No
Second Floor,374,621,115.4167,0,16,No
Second Floor,383,632,112.4167,23.9167,16,No
Second Floor,385,634,52.4167,88.9167,16,No
Second Floor,386,635,112.4167,88.9167,16,No
Second Floor,387,636,189.5834,93.9167,16,No
Second Floor,390,639,88.9167,150,16,No
Second Floor,391,640,88.9167,156.25,16,No
Second Floor,393,642,88.9167,144.5,16,No
Second Floor,394,643,58.9167,117.8333,16,No
Second Floor,395,644,58.9167,122.5,16,No
Second Floor,396,645,88.9167,117.8333,16,No
Second Floor,397,646,88.9167,122.5,16,No
Second Floor,398,647,88.9167,180,16,No
Second Floor,399,648,88.9167,210,16,No
Second Floor,400,651,58.9167,53.5833,16,No
Second Floor,401,652,58.9167,57.8333,16,No
Second Floor,402,653,88.9167,53.5833,16,No
Second Floor,403,654,88.9167,57.8333,16,No
Second Floor,415,666,219.5834,91.5833,16,No
Second Floor,416,667,164.5833,91.5833,16,No
Second Floor,422,673,124.5833,63.9167,16,No
Second Floor,423,674,23.9167,180,16,No
Second Floor,424,675,33.9167,180,16,No
Second Floor,425,676,53.9167,180,16,No
Second Floor,426,677,63.9167,180,16,No
Second Floor,428,679,53.9167,122.5,16,No
Second Floor,429,680,63.9167,122.5,16,No
Second Floor,430,681,23.9167,0,16,No
Second Floor,431,682,33.9167,0,16,No
Second Floor,432,683,53.9167,0,16,No
Second Floor,433,684,63.9167,0,16,No
Second Floor,434,685,126.5834,0,16,No
Second Floor,435,686,134.5834,0,16,No
Second Floor,436,687,154.5833,0,16,No
Second Floor,437,688,164.5833,0,16,No
Second Floor,438,689,184.5833,0,16,No
Second Floor,439,690,194.5833,0,16,No
Second Floor,441,692,53.9167,53.5833,16,No
Second Floor,442,693,63.9167,53.5833,16,No
Second Floor,443,694,83.9167,53.5833,16,No
Second Floor,444,695,92.9167,53.5833,16,No
Second Floor,445,696,108.4167,53.5833,16,No
Second Floor,449,700,33.9167,210,16,No
Second Floor,450,701,53.9167,210,16,No
Second Floor,451,702,63.9167,210,16,No
Second Floor,452,703,23.9167,210,16,No
Second Floor,453,704,33.9167,223.9167,16,No
Second Floor,454,705,53.9167,223.9167,16,No
Second Floor,455,706,63.9167,223.9167,16,No
Second Floor,456,707,23.9167,223.9167,16,No
Second Floor,459,711,115.4167,53.9167,16,No
Second Floor,461,715,108.4167,57.8333,16,No
Second Floor,467,720,115.4167,58.0283,16,No
Second Floor,468,721,115.4167,63.9167,16,No
Second Floor,469,722,115.4167,83.9167,16,No
Second Floor,470,723,115.4167,88.9167,16,No
Second Floor,471,724,115.4167,93.9167,16,No
Second Floor,472,725,115.4167,117.8333,16,No
Second Floor,473,726,124.5833,58.6242,16,No
Second Floor,474,727,124.5833,53.9167,16,No
Second Floor,475,728,122.9065,33.9167,16,No
Second Floor,476,729,122.9065,28.9167,16,No
Second Floor,478,731,132.5834,53.9167,16,No
Second Floor,479,732,132.5834,63.9167,16,No
Second Floor,481,734,138.6742,83.9167,16,No
Second Floor,482,735,138.6742,88.9167,16,No
Second Floor,483,736,138.6742,93.9167,16,No
Second Floor,484,737,138.6742,117.8333,16,No
Second Floor,485,738,122.9065,23.9167,16,No
Second Floor,486,739,122.9065,0,16,No
Second Floor,487,741,63.9167,57.8333,16,No
Second Floor,488,742,83.9167,57.8333,16,No
Second Floor,489,743,92.9167,57.8333,16,No
Second Floor,490,745,83.9167,0,16,No
Second Floor,491,746,92.9167,11,16,No
Second Floor,492,747,108.4167,23.9167,16,No
Second Floor,493,748,108.4167,11,16,No
Second Floor,496,754,122.9065,24.4654,16,No
Second Floor,497,755,88.9167,165,16,No
Second Floor,498,756,88.9167,195,16,No
Second Floor,499,757,23.9167,165,16,No
Second Floor,500,758,23.9167,195,16,No
Second Floor,501,759,28.9167,165,16,No
Second Floor,502,760,63.9167,165,16,No
Second Floor,503,761,63.9167,195,16,No
Second Floor,504,762,28.9167,195,16,No
Second Floor,505,763,33.9167,165,16,No
Second Floor,506,764,58.9167,165,16,No
Second Floor,507,765,33.9167,195,16,No
Second Floor,508,766,58.9167,195,16,No
Second Floor,509,767,53.9167,165,16,No
Second Floor,510,768,53.9167,195,16,No
Second Floor,511,769,43.9167,210,16,No
Second Floor,512,770,73.9167,210,16,No
Second Floor,513,771,14.4583,210,16,No
Second Floor,514,772,14.4583,195,16,No
Second Floor,515,773,73.9167,195,16,No
Second Floor,516,774,43.9167,195,16,No
Second Floor,517,775,14.4583,180,16,No
Second Floor,518,776,73.9167,180,16,No
Second Floor,519,777,43.9167,180,16,No
Second Floor,520,778,14.4583,165,16,No
Second Floor,521,779,73.9167,165,16,No
Second Floor,522,780,43.9167,165,16,No
Second Floor,523,781,14.4583,156.25,16,No
Second Floor,524,782,73.9167,156.25,16,No
Second Floor,525,783,43.9167,156.25,16,No
Second Floor,526,784,14.4583,150,16,No
Second Floor,527,785,43.9167,150,16,No
Second Floor,528,786,73.9167,150,16,No
Second Floor,529,787,14.4583,144.5,16,No
Second Floor,530,788,43.9167,144.5,16,No
Second Floor,531,789,73.9167,144.5,16,No
Second Floor,532,790,14.4583,122.5,16,No
Second Floor,533,791,73.9167,122.5,16,No
Second Floor,534,792,43.4167,122.5,16,No
Second Floor,535,796,14.4583,117.8333,16,No
Second Floor,536,797,42.6667,117.8333,16,No
Second Floor,538,798,63.9167,117.8333,16,No
Second Floor,539,799,73.9167,117.8333,16,No
Second Floor,540,800,42.6667,112.5,16,No
Second Floor,541,801,14.4583,112.5,16,No
Second Floor,542,802,14.4583,93.5833,16,No
Second Floor,543,803,42.6667,93.5833,16,No
Second Floor,544,804,14.4583,88.9167,16,No
Second Floor,545,805,42.6667,88.9167,16,No
Second Floor,546,806,14.4583,83.5833,16,No
Second Floor,547,807,42.6667,83.5833,16,No
Second Floor,548,808,14.4583,63.5833,16,No
Second Floor,549,809,42.6667,63.5833,16,No
Second Floor,550,810,14.4583,58.9167,16,No
Second Floor,551,811,42.6667,57.8333,16,No
Second Floor,552,812,14.4583,53.5833,16,No
Second Floor,553,813,42.6667,53.5833,16,No
Second Floor,554,814,14.4583,33.9167,16,No
Second Floor,555,815,14.4583,43.9167,16,No
Second Floor,556,816,23.9167,43.9167,16,No
Second Floor,557,817,28.9167,43.9167,16,No
Second Floor,558,818,14.4583,28.9167,16,No
Second Floor,559,819,33.4082,43.9167,16,No
Second Floor,560,820,14.4583,23.9167,16,No
Second Floor,561,821,43.2024,33.9167,16,No
Second Floor,562,822,42.9303,43.9167,16,No
Second Floor,563,823,53.9167,43.9167,16,No
Second Floor,564,824,14.4583,14.4583,16,No
Second Floor,565,825,23.9167,14.4583,16,No
Second Floor,566,826,43.2024,28.9167,16,No
Second Floor,567,827,28.9167,14.4583,16,No
Second Floor,568,834,43.2024,23.9167,16,No
Second Floor,569,833,33.9167,14.4583,16,No
Second Floor,571,832,58.9167,43.9167,16,No
Second Floor,572,835,43.5595,14.4583,16,No
Second Floor,573,836,53.9167,14.4583,16,No
Second Floor,574,837,58.9167,14.4583,16,No
Second Floor,575,838,63.9167,43.9167,16,No
Second Floor,576,839,63.9167,14.4583,16,No
Second Floor,577,840,83.9167,43.9167,16,No
Second Floor,578,841,73.9167,23.9167,16,No
Second Floor,579,842,73.9167,14.4583,16,No
Second Floor,580,843,73.9167,28.9167,16,No
Second Floor,581,844,73.9167,25.5833,16,No
Second Floor,582,846,83.9167,14.4583,16,No
Second Floor,583,847,73.9167,33.9167,16,No
Second Floor,584,848,73.9167,43.9167,16,No
Second Floor,585,849,73.9167,53.5833,16,No
Second Floor,586,850,73.9167,57.8333,16,No
Second Floor,587,944,88.9167,14.4583,16,No
Second Floor,588,852,88.9167,43.9167,16,No
Second Floor,589,853,92.9167,43.9167,16,No
Second Floor,590,854,204.5834,93.9167,16,No
Second Floor,591,855,194.5833,43.9167,16,No
Second Floor,592,856,194.5833,73.9167,16,No
Second Floor,593,857,144.5834,23.9167,16,No
Second Floor,594,858,174.5834,23.9167,16,No
Second Floor,595,859,204.5834,14.4583,16,No
Second Floor,596,860,194.5833,14.4583,16,No
Second Floor,597,861,204.5834,23.9167,16,No
Second Floor,598,862,108.4167,43.9167,16,No
Second Floor,599,863,144.5834,93.9167,16,No
Second Floor,600,864,204.5834,28.9167,16,No
Second Floor,601,865,144.5834,28.9167,16,No
Second Floor,602,866,88.9167,133.9167,16,No
Second Floor,603,867,204.5834,91.5833,16,No
Second Floor,604,868,189.5834,43.9167,16,No
Second Floor,605,869,189.5834,73.9167,16,No
Second Floor,606,870,189.5834,14.4583,16,No
Second Floor,607,871,144.5834,88.9167,16,No
Second Floor,608,872,204.5834,33.9167,16,No
Second Floor,609,873,144.5834,33.9167,16,No
Second Floor,610,874,174.5834,28.9167,16,No
Second Floor,611,875,204.5834,88.9167,16,No
Second Floor,612,876,184.5833,14.4583,16,No
Second Floor,613,877,144.5834,83.9167,16,No
Second Floor,614,878,73.9167,133.9167,16,No
Second Floor,615,879,174.5834,93.9167,16,No
Second Floor,616,880,159.5834,103.375,16,No
Second Floor,617,881,184.5833,103.375,16,No
Second Floor,618,882,194.5833,103.375,16,No
Second Floor,619,883,204.5834,83.9167,16,No
Second Floor,620,884,204.5834,73.9167,16,No
Second Floor,621,885,204.5834,63.9167,16,No
Second Floor,622,886,184.5833,73.9167,16,No
Second Floor,623,887,204.5834,58.9167,16,No
Second Floor,624,888,164.5833,73.9167,16,No
Second Floor,625,889,204.5834,53.9167,16,No
Second Floor,626,890,159.5834,73.9167,16,No
Second Floor,627,891,174.5834,91.5833,16,No
Second Floor,628,892,174.5834,88.9167,16,No
Second Floor,629,893,174.5834,83.9167,16,No
Second Floor,630,894,204.5834,43.9167,16,No
Second Floor,631,895,184.5833,43.9167,16,No
Second Floor,632,896,174.5834,14.4583,16,No
Second Floor,633,897,174.5834,73.9167,16,No
Second Floor,634,898,174.5834,33.9167,16,No
Second Floor,635,899,154.5833,73.9167,16,No
Second Floor,636,900,164.5833,43.9167,16,No
Second Floor,637,901,164.5833,14.4583,16,No
Second Floor,638,902,174.5834,63.9167,16,No
Second Floor,639,903,159.5834,14.4583,16,No
Second Floor,640,904,145.8333,53.9167,16,No
Second Floor,641,164,137.8788,73.9167,16,No
Second Floor,642,906,144.5834,103.375,16,No
Second Floor,643,907,174.5834,43.9167,16,No
Second Floor,644,908,174.5834,58.9167,16,No
Second Floor,645,909,145.8333,58.9167,16,No
Second Floor,646,910,174.5834,53.9167,16,No
Second Floor,647,911,145.8333,63.9167,16,No
Second Floor,648,912,159.5834,43.9167,16,No
Second Floor,650,914,144.0834,73.9167,16,No
Second Floor,651,915,154.5833,14.4583,16,No
Second Floor,652,916,154.5833,43.9167,16,No
Second Floor,654,918,138.6742,103.375,16,No
Second Floor,656,920,129.5834,103.375,16,No
Second Floor,657,921,144.5834,14.4583,16,No
Second Floor,658,922,145.2084,43.9167,16,No
Second Floor,659,923,115.4167,73.9167,16,No
Second Floor,660,924,124.5833,103.375,16,No
Second Floor,661,925,115.4167,103.375,16,No
Second Floor,662,926,124.5833,117.8333,16,No
Second Floor,663,927,134.5834,14.4583,16,No
Second Floor,664,928,135.8334,43.9167,16,No
Second Floor,665,929,112.4167,103.375,16,No
Second Floor,666,930,129.5834,14.4583,16,No
Second Floor,667,931,112.4167,73.9167,16,No
Second Floor,668,932,131.0834,43.9167,16,No
Second Floor,669,933,126.5834,14.4583,16,No
Second Floor,670,934,127.8334,43.9167,16,No
Second Floor,671,935,112.4167,44.0862,16,No
Second Floor,672,936,115.4167,44.0862,16,No
Second Floor,673,937,122.9065,14.4583,16,No
Second Floor,674,942,123.7449,43.9167,16,No
Second Floor,675,943,115.4167,14.4583,16,No
Second Floor,677,945,92.9167,14.4583,16,No
Second Floor,678,946,108.4167,14.4583,16,No
Second Floor,679,947,112.4167,14.4583,16,No
Second Floor,680,948,114.7467,14.4583,16,No
Second Floor,681,950,122.9065,11,16,No
Second Floor,682,951,126.5834,11,16,No
Second Floor,683,952,129.5834,11,16,No
Second Floor,684,953,134.5834,11,16,No
Second Floor,685,954,144.5834,11,16,No
Second Floor,686,955,154.5833,11,16,No
Second Floor,687,956,159.5834,11,16,No
Second Floor,688,957,164.5833,11,16,No
Second Floor,689,958,174.5834,11,16,No
Second Floor,690,959,184.5833,11,16,No
Second Floor,691,960,189.5834,11,16,No
Second Floor,692,961,194.5833,11,16,No
Second Floor,693,962,204.5834,11,16,No
Second Floor,694,963,219.5834,11,16,No
Second Floor,695,964,63.9167,133.9167,16,No
Second Floor,696,965,58.9167,133.9167,16,No
Second Floor,697,966,53.9167,133.9167,16,No
Second Floor,698,967,43.6761,133.9167,16,No
Second Floor,699,968,33.4356,133.9167,16,No
Second Floor,700,969,28.9167,133.9167,16,No
Second Floor,701,970,23.9167,133.9167,16,No
Second Floor,702,971,14.4583,133.9167,16,No
Second Floor,703,972,0,133.9167,16,No
Second Floor,704,550,126.5833,83.9167,16,No
Second Floor,705,552,126.5833,88.9167,16,No
Second Floor,706,554,126.5833,93.9167,16,No
Second Floor,707,919,126.5833,73.9167,16,No
Second Floor,708,1444,164.5833,103.375,16,No
Second Floor,709,1445,154.5833,103.375,16,No
Second Floor,710,1449,164.5833,117.8333,16,No
Second Floor,711,1450,154.5833,117.8333,16,No
Second Floor,713,1446,134.5833,103.375,16,No
Second Floor,714,1451,134.5833,117.8333,16,No
Second Floor,105,234,129.2084,73.9167,16,No
Second Floor,12,9,133.0017,73.9167,16,No
Second Floor,87,160,14.4583,103.375,16,No
Second Floor,94,161,23.9167,103.375,16,No
Second Floor,97,163,28.9167,103.375,16,No
Second Floor,99,182,32.9167,103.375,16,No
Second Floor,100,183,42.6667,103.375,16,No
Second Floor,101,184,52.4167,103.375,16,No
First Floor,1,2,219.5834,0,0,No
First Floor,3,5,88.9167,0,0,No
First Floor,4,7,0,0,0,No
First Floor,5,24,14.4583,0,0,No
First Floor,7,11,28.9167,0,0,No
First Floor,8,26,43.9167,0,0,No
First Floor,10,15,58.9167,0,0,No
First Floor,11,28,73.9167,0,0,No
First Floor,13,19,129.5834,0,0,No
First Floor,14,30,144.5834,0,0,No
First Floor,16,32,174.5834,0,0,No
First Floor,17,34,204.5834,0,0,No
First Floor,18,36,159.5834,0,0,No
First Floor,19,38,189.5834,0,0,No
First Floor,20,40,0,223.9167,0,No
First Floor,21,42,28.9167,223.9167,0,No
First Floor,22,44,58.9167,223.9167,0,No
First Floor,23,46,88.9167,223.9167,0,No
First Floor,24,48,112.4167,223.9167,0,No
First Floor,25,50,43.9167,223.9167,0,No
First Floor,26,52,73.9167,223.9167,0,No
First Floor,27,54,14.4583,223.9167,0,No
First Floor,28,56,219.5834,28.9167,0,No
First Floor,29,58,219.5834,58.9167,0,No
First Floor,31,62,219.5834,88.9167,0,No
First Floor,32,64,219.5834,43.9167,0,No
First Floor,33,66,219.5834,73.9167,0,No
First Floor,34,68,219.5834,14.4583,0,No
First Floor,35,70,219.5834,103.375,0,No
First Floor,36,73,159.5834,117.8333,0,No
First Floor,37,75,129.5834,117.8333,0,No
First Floor,38,77,112.4167,117.8333,0,No
First Floor,39,78,144.5834,117.8333,0,No
First Floor,40,80,174.5834,117.8333,0,No
First Floor,41,83,112.4167,150,0,No
First Floor,42,85,112.4167,180,0,No
First Floor,43,87,112.4167,210,0,No
First Floor,44,88,112.4167,133.9167,0,No
First Floor,45,90,112.4167,165,0,No
First Floor,46,92,112.4167,195,0,No
First Floor,47,95,0,28.9167,0,No
First Floor,48,97,0,58.9167,0,No
First Floor,49,99,0,88.9167,0,No
First Floor,50,101,0,117.8333,0,No
First Floor,51,103,0,150,0,No
First Floor,52,105,0,180,0,No
First Floor,53,107,0,210,0,No
First Floor,55,110,0,43.9167,0,No
First Floor,57,114,0,165,0,No
First Floor,58,116,0,195,0,No
First Floor,59,118,0,103.375,0,No
First Floor,60,120,0,14.4583,0,No
First Floor,56,126,204.5834,103.375,0,No
First Floor,61,132,189.5834,103.375,0,No
First Floor,63,130,174.5834,103.375,0,No
First Floor,71,251,52.4167,117.8333,0,No
First Floor,82,180,28.9167,28.9167,0,No
First Floor,83,178,28.9167,58.9167,0,No
First Floor,85,208,112.4167,28.9167,0,No
First Floor,88,173,28.9167,88.9167,0,No
First Floor,89,169,28.9167,117.8333,0,No
First Floor,90,166,28.9167,150,0,No
First Floor,98,206,88.9167,28.9167,0,No
First Floor,106,210,129.5834,28.9167,0,No
First Floor,107,214,129.5834,88.9167,0,No
First Floor,112,212,159.5834,28.9167,0,No
First Floor,113,193,159.5834,58.9167,0,No
First Floor,114,216,159.5834,88.9167,0,No
First Floor,119,205,189.5834,28.9167,0,No
First Floor,120,191,189.5834,58.9167,0,No
First Floor,121,202,189.5834,88.9167,0,No
First Floor,122,197,189.5834,117.8333,0,No
First Floor,127,218,219.5834,117.8333,0,No
First Floor,6,187,58.9167,150,0,No
First Floor,9,189,58.9167,28.9167,0,No
First Floor,64,230,112.4167,87.8333,0,No
First Floor,65,238,112.4167,57.8333,0,No
First Floor,66,242,82.4167,57.8333,0,No
First Floor,68,245,52.4167,87.8333,0,No
First Floor,69,248,52.4167,57.8333,0,No
First Floor,72,289,82.4167,117.8333,0,No
First Floor,73,256,204.5834,117.8333,0,No
First Floor,74,281,132.5834,58.9167,0,No
First Floor,75,290,82.4167,150,0,No
First Floor,76,293,28.9167,186.5,0,No
First Floor,77,295,58.9167,186.5,0,No
First Floor,78,297,82.4167,186.5,0,No
First Floor,79,300,28.9167,216.5,0,No
First Floor,80,302,58.9167,216.5,0,No
First Floor,81,304,82.4167,216.5,0,No
First Floor,175,350,88.9167,11,0,No
First Floor,179,360,114.7467,0,0,No
First Floor,180,361,114.7467,11,0,No
